10191,HIKORY  ONE  MK15S-S-09 masterkey 紺  
10202,PATCHWORK  NAVY  MK15S-S-06 masterkey 青  
10203,REMAKE RALPH  NAVY  MK15S-S-07 masterkey 紺  
10260,製品染め スタンドカラー ロングシャツ W11324401  マスタード IKIJI 黄色  
10264,製品染め スタンドカラー ロングシャツ W11324401  ネイビー IKIJI 紺  
10434,Plain Shirt  White Pickup（STANDARD） 白  
10435,ARRANGEMENT SHIR   BLUE Pickup（STANDARD） 青  
10447,No-Collar Shirt  Navy  
10475,U.S. ARMY  military shirts  RAMBO   
10477,U.S. ARMY  military shirts  BETHUNE    
10491,Scrub Shirts  GREEN   
10495,Half and Half check shirts  RED&times;GREEN  RED BUTTON   
10534,Linen SKIpper  BEIGE   
10595,SPRING LSL OXFORD SHIRT  LIGHT BLUE UNDEFEATED 青  
11231,LS Check Shirts Brown Pickup（STANDARD） 茶色  
11238,UA  Blue Black Checker LS Shirts BEAUTY &amp; YOUTH UNITED ARROWS 青  
11457,SCOUT B.S.A Shirts Pickup（STANDARD） カーキ  
11460,HM  V neck Strype Shirts Pickup（STANDARD） 柄  
11490,YSSH LAYERD SLEEVE GRAPHICS SHIRT 1  WHITE BODYROTTEN 白  
11491,YSSH LAYERD SLEEVE GRAPHICS SHIRT 2  WHITE BODYROTTEN 白  
11492,FPSH ORGANIC COTTON GRAPHICS SHIRT  WHITE BODYROTTEN 白  
11553,VELVETEEN SHIRT  BEIGE Pickup（STANDARD） ベージュ  
11556,FAKE SUEDE  SHIRT  BLUE Pickup（STANDARD） 青  
11557,B.D. FLANNEL CHECK SHIRT  GARA Pickup（STANDARD） 柄  
11558,CHECK SHIRT  BLUE Pickup（STANDARD） 青  
11559,VELVETEEN SHIRT  BLACK Pickup（STANDARD） 黒  
11560,V NECK MILITARY SHIRT  KHAKI Pickup（STANDARD） 緑  
11561,FLANNEL SHIRT  YELLOW Pickup（STANDARD） 黄色  
11562,POLYESTER MILITARY SHIRT  BLACK Pickup（STANDARD） 黒  
11563,BOY SCOUTS SHIRT  OLIVE GREEN Pickup（STANDARD） 緑  
11564,HALF ZIP CHECK SHIRT  RED Pickup（STANDARD） 赤  
11565,VELVETEEN SHIRT  OLIVE Pickup（STANDARD） 緑  
11566,NO COLLAR SNAP BUTTON SHIRT  BEIGE Pickup（STANDARD） ベージュ  
11568,VELVETEEN SHORT LENGTH SHIRT  BLACK Pickup（STANDARD） 黒  
11569,FLANNEL CHECK SHIRT  BLUExYELLOW Pickup（STANDARD） 青  
11570,FLANNEL CHECK WESTERN SHIRT  GALA Pickup（STANDARD） 柄  
11571,WESTERN SHIRT  INDIGO Pickup（STANDARD） 青  
11573,CUT&amp;SWEN SHIRT  BLACK Pickup（STANDARD） 黒  
11574,FLANNEL CHECK SHIRT  RED Pickup（STANDARD） 赤  
11575,MILITARY SHIRT  WOODLAND  Pickup（STANDARD） 緑  
11732,MARX Grandpa shirt  WHITE  
12116,HERRINGBONE SHIRTS  RED BIG JOHN 赤  
12117,HERRINGBONE SHIRTS  NAVY BIG JOHN グレー  
12118,CHAMBRAY SHIRT  BLUE BIG JOHN 青  
12119,COLOR SHIRT  RED BIG JOHN 赤  
12120,COLOR SHIRT  GREEN BIG JOHN 緑  
12122,LIGHT OZ SHIRT  NAVY WORLD WORKERS 紺  
12152,チェコ パジャマシャツ  WHITE Military 白  
12170,スウェーデン グランパシャツ デットストック  WHITE Military 白  
12179,ブルガリア スリーピング シャツ ストライプ  EMERALD GREEN Military 緑  
12181,ブルガリア スリーピング シャツ ストライプ  BEIGE Military ベージュ  
12184,スウェーデン グランパシャツ  BLACK Military 黒  
12271,リネン ストライプ シャツジャケット  BLUE Pickup（SPECIAL） 青  
12273,ロング チェック シャツ  GREEN Pickup（SPECIAL） 緑  
12286,Aluminum foil Button Shirts  Kahki Pickup（STANDARD） カーキ  
12290,LS Shirts  Navy Pickup（STANDARD） 紺  
12294,LS Shirts  Red Houndstooth Pickup（STANDARD） 赤  
12378,フランネル チェック シャツ  BLUE Pickup（STANDARD） 青  
12385,BAJA プルオーバー シャツ  NATUAL Pickup（SPECIAL） ベージュ  
12396,ミリタリー ヘンリーネック シャツ  WHITE Pickup（SPECIAL） 白  
12505,BORDER SHIRT  RED DICTYCE 赤  
12506,BORDER SHIRT  NAVY DICTYCE 紺  
12507,OX B.D. SHIRT  SAX DICTYCE 青  
12508,OX B.D. SHIRT  BLUE DICTYCE 青  
12509,OX B.D. SHIRT  PINK DICTYCE ピンク  
12510,MINI CHECK SHIRT  BLUE DICTYCE 青  
12511,MINI CHECK SHIRT  GREEN DICTYCE 緑  
12512,OX REGULAR COLLAR SHIRT  SAX DICTYCE 青  
12513,OX REGULAR COLLAR SHIRT  BLUE DICTYCE 青  
12514,OX REGULAR COLLAR SHIRT  PINK DICTYCE ピンク  
12516,MINI CHECK B.D. SHIRT  BLACK DICTYCE 黒  
12517,MINI CHECK B.D. SHIRT  GREEN DICTYCE 緑  
12518,WIDE COLLAR SHIRT  SAX DICTYCE 青  
12519,GINGHAM CHECK SHIRT  RED DICTYCE 赤  
12520,GINGHAM CHECK SHIRT  NAVY DICTYCE 紺  
12740,frame shirt  white-navy caart. 白  
12741,frame shirt  light blue-white caart. 青  
12742,frame shirt  white-white caart. 白  
12763,GYSNSH SHIRT BODYROTTEN 黒  
12896,1321-01-001  01  White DICTYCE 白  
12897,1321-01-801  01  White DICTYCE 白  
12898,1321-01-015  01  White DICTYCE 白  
12899,1321-01-015  39  Orange DICTYCE オレンジ  
12900,1411-01-004  01  White DICTYCE 白  
12901,1411-01-007  49  Green DICTYCE 緑  
12902,1411-01-007  53  Beige DICTYCE ベージュ  
12903,1411-01-007  29  Purple DICTYCE 紫  
13103,REGULAR COLLAR LEOPARD SHIRT  OLIVE DICTYCE カーキ  
13461,NEW 0st SHIRTS・3D  GRAY  VOO-644 VOO グレー  
13462,NEW 0st SHIRTS・3D  BLACK  VOO-644 VOO 黒  
13533,RalphLauren Silk Strype Long Sleeve Shirts RalphLauren 黒  
13553,RalphLauren Zip Flannel Shirts  Red Check RalphLauren 赤  
13556,RalphLauren White Collar Long Sleeve Shirts  Yellow RalphLauren 黄色  
13582,AMERICAN EAGLE Corduroy Collar Pull Over Check Shirt  Green Pickup（STANDARD） 緑  
13583,BRANDON THOMAS Animal Patchwork Leather Shirt  Brown BRANDON THOMAS 茶色  
14029,frame shirt  men  white-navy  Y-001 caart. 白  
14030,frame shirt  men  light blue  Y-001 caart. 青  
14496,GRAPHIC LS SHIRTS A  WHITE  GA-0017S GAGA MILANO 白  
14497,GRAPHIC LS SHIRTS B  WHITE  GA-0017S GAGA MILANO 白  
14498,GRAPHIC LS SHIRTS C  WHITE  GA-0017S GAGA MILANO 白  
14810,FLAX linen no collar shirt  blue Pickup（STANDARD） 青  
15249,MAVERICK Dungaree Shirt  Indigo Pickup（STANDARD） 青  
15413,Cotton Regular Shirt  Navy COMME des GARCONS SHIRT  紺  
15996,LONG SLEEVE SILK NO COLLAR SHIRTS  RED Pickup（STANDARD） 赤  
16314,スウェーデン グランパシャツ デットストック  
16315,ドイツBW モルスキンセーラー  
16527,KAREN SCOTT 2 NO COLLAR SHIRTS  BLACK Pickup（STANDARD） 黒  
16531,KAREN SCOTT LONG SLEEVE NO COLLAR SHIRTS  NAVY Pickup（STANDARD） 紺  
16541,MAC MASTER SATIN LONG SLEEVE SHIRTS  KHAKI Pickup（STANDARD） カーキ  
16585,BIG LONG SLEEVE SHIRTS  NAVY RalphLauren 紺  
16586,WESTERN LONG SLEEVE SHIRTS  GRAY Pickup（STANDARD） グレー  
16642,FIVE BROTHER  FLANNEL SHIRTS  RED Pickup（STANDARD） 赤  
16656,GAP NO COLLAR LONG SLEEVE SHIRTS  WHITE GAP 白  
16657,LONG SLEEVE LINEN SHIRTS  BLACK Paul Stuart 黒  
16660,MADRAS CHECK LONG SLEEVE SHIRTS  NAVY Pickup（STANDARD） 柄  
16670,LONG SLEEVE THICK SHIRTS  GREEN Pickup（STANDARD） 緑  
16674,MADRAS CHECK LONG SLEEVE SHIRTS  GREEN RalphLauren 緑  
16735,J JILL NOTCH LONG SLEEVE  RED Pickup（STANDARD） 赤  
16828,YESSICA STAND COLLAR LONG SLEEVE SHIRTS  WHITE Pickup（STANDARD） 白  
16909,NO COLLAR LONG SLEEVE KNIT SHIRTS  BEIGE Pickup（STANDARD） ベージュ  
17082,BACK THERMAL HOOD HEAVY SHIRTS  NAVY BLUE RalphLauren 紺  
17085,STAND COLLAE SHIRTS  BLACK Pickup（STANDARD） 黒  
17099,CHIFFON LONG SLEEVE SHIRTS  PINK American Apparel ピンク  
17100,OPEN COLLAR LONG SLEEVE SHIRTS  BLACK Pickup（STANDARD） 黒  
17832,PRADA LONG SLEEVED BLOUSE  BLACK Pickup（STANDARD） 黒  
18435,RALPH LAUREN FRILL NECK SHIRT  BLACK Pickup（STANDARD） 黒  
18453,RALPH LAUREN LINEN SHIRT  BLUE Pickup（STANDARD） 青  
18457,STUDIO WORKS FAKE LEATHER SHIRT  BEIGE Pickup（STANDARD） ベージュ  
18459,TALBOTS  LONG SHIRT  GREEN Pickup（STANDARD） 緑  
18468,SANIBEL SPORT DOT SHIRT  WHITE  Pickup（STANDARD） 白  
18474,CHICOS LACE LONG SHIRT  BLACK Pickup（STANDARD） 黒  
18475,LIZ CLAIBORNE SILK SHIRTS  NAVY Pickup（STANDARD） 紺  
18476,RALPH LAUREN LONG SHIRT  BLACK RalphLauren 黒  
18478,BROOKS BROTHERS LONG SHIRT  PURPLE Pickup（STANDARD） 紫  
18480,JONES NEW YORK LONG SHRT  BROWN Pickup（STANDARD） 茶色  
18481,LAURA TYLER PLEATED SHIRT  GREEN Pickup（STANDARD） 緑  
18484,TAILORED COLOR SHIRT  GALA Pickup（STANDARD） 柄  
18494,SOYLU IPEK LONG SHIRT   GREEN Pickup（STANDARD） 緑  
18499,GOTCHA COVERED RAYON LONG SHRT  GARA Pickup（STANDARD） 柄  
18508,CHICOS EMBROIDERY LONG SHIRT  BROWN Pickup（STANDARD） 茶色  
18510,CHRISTOPHER &amp; BANKS  FLOWER BUTTON SHIRT  NAVY Pickup（STANDARD） 紺  
19416,YOUR SIXTH SENSE SHIRTS  PURPLE Pickup（STANDARD） 紫  
19454,3BUTTON LONG SLEEVE SHIRTS  PURPLE Pickup（STANDARD） 紫  
19486,POLES LONG SLEEVE SHIRTS  NAVY Pickup（STANDARD） 紺  
19505,XHILARATION RAYON SHIRTS  NAVY Pickup（STANDARD） 紺  
19507,SEIDEN STICKER TOP  NAVY Pickup（STANDARD） 紺  
19555,Sシルキーシャツ  NAVY  31607004035 CIROI 紺  
2080,PKSH-1072 TT L.STITCH STRI 02 BLUE PARKER CLOTHING 青  
234,80s US シャンブレー Pickup（STANDARD） 青  
235,ALDIES Foodes Nel Shirt ALDIES 青  
242,LA MOND CHECK SHIRTS LA MOND 青  
32417,long sleeve shirt  white  arthur_112 expander extras 白  
33051,ng-17b-025-z  ストライプシャツ  ネイビー NANING9 紺  
33052,ng-17b-025-z  ストライプシャツ  ピンク NANING9 ピンク  
33128,Chine Shirt  WHT  17SS811010 SUGALISM 白  
34,Wool Shirts Comme des Garcons ベージュ  
35793,ﾘﾖｾﾙﾃﾞﾆﾑ  SB  861-4002 SIMONELIST 青  
35852,メランジネルチェック  GY  863-06006 SIMONELIST グレー  
35865,メランジネルチェック  GY  863-08010 SIMONELIST グレー  
37638,MODAL OPEN COLOR &frac34; SLEEVE SHIRT(ORANGE)  ORANGE  PD-MDL-OPSH-OR POURTON DE MOI オレンジ  
40080,GOOD NIGHT AUTUMN  GALA  VOO-791 VOO 柄  
40143,LYOCELL BIO PULLOVER WESTERN SHIRT  BEIGE  LY-POW-SH-BE POURTON DE MOI ベージュ  
40144,MODAL OPEN COLLAR 34 SLEEVE SHIRT  ORANGE  MD-OC-SH-OR POURTON DE MOI オレンジ  
40145,MODAL OPEN COLLAR 34 SLEEVE SHIRT  BLACK  MD-OC-SH-BK POURTON DE MOI 黒  
40148,BICOLOR SHORT LENGTH TOP  BEIGE  SL-TP POURTON DE MOI ベージュ  
42485,ASYMMETRY LONG SHIRT  BEIGE  06140117 BELPER ベージュ  
42487,ASYMMETRY LONG SHIRT  HORIZON BLUE  06140117 BELPER 青  
42500,SAILOR TOP  BLUE  04140616 BELPER 青  
426,MDSH-1534 OXFORD DOT SHIRT 02 BLUE MACKDADDY 青  
427,MDSH-1533 OXFORD DRESS SHI 02 BLUE MACKDADDY 青  
428,MDSH-1536 SWITCHING STRIPE 09 NAVY MACKDADDY 紺  
429,MDSH-1531 MIXED SHIRT 02 BLUE MACKDADDY 青  
43076,West Frill Shirt  PINK  002017awb517 RPKO ピンク  
4631,VINTAGE REYON SHIRTS BEIGE531 Vintage ベージュ  
473,Ralph Lauren BD Shirts RalphLauren 緑  
4787,Yellow satin shirts 1113 Pickup（STANDARD） 黄色  
487,Silk No-Collar Shirt Pickup（STANDARD） カーキ  
5072,LS STRYPE SHIRTS WHITEPINK RalphLauren 柄  
5081,LS SHIRTS PINK1529 Pickup（STANDARD） ピンク  
513,PKSH-1059 1TUCK CHANBRAY L 02 BLUE PARKER CLOTHING 青  
5165,LS Button Shits1968 GAP 緑  
5169,LS Long Shirts BlueRed RalphLauren 柄  
5171,SMOG SHIRTS WHITE  
5172,SMOG SHIRTS BLACK  
5173,SMOG SHIRTS NAVY  
519,PKSH-1066 DOT PRINT LS SH 09 NAVY PARKER CLOTHING 紺  
520,PKSH-1058 EXCHANGE OXFORD 02 BLUE PARKER CLOTHING 青  
521,PKSH-1063 DANGAREE PIPING 02 BLUE PARKER CLOTHING 青  
5251,SMOG SHIRTS KHAKI  
5273,MDSH-1558 FLANNEL LONG SHIRTS 09 NAVY MACKDADDY 柄  
5426,Sweden Grandpa Shirts LIGHT GREEN  
5427,Sweden Grandpa Shirts PINK  
5468,fb PIPING GINGHAM CHECK SHIRTS BEIGE Nasngwam ベージュ  
5522,Sweden Grandpa Shirts LIGHT BLUE  
5609,ロシア スリーピングシャツ ウィンター デットストック JS094NN Military 白  
5610,ギリシャ フランネルパジャマシャツ  サーモンピンク Military ピンク  
5666,PHOEBE  Q605 904 CHLOE STORA for MY PANT&#039;S 白  
569,fb TIROREAN T(Army.Green) Nasngwam カーキ  
570,fb Dead Dali Shirts 1(Army.Green) Nasngwam カーキ  
571,fb Dead Dali Shirts 2(Army.Green) Nasngwam カーキ  
5727,LS CHECK SHIRTS 2706 REDGREEN Pickup（STANDARD） 柄  
5744,LS SHIRTS PINK2725 Pickup（STANDARD） ピンク  
5753,LS SHIRTS BLUE2735 Pickup（STANDARD） 青  
5769,LS CHECK SHIRTS GREENBLUE2753 Pickup（STANDARD） 緑  
5775,LS SHIRTS BEIGE2760 Dior ベージュ  
5777,LS SHIRTS GRAY2762 Pickup（STANDARD） 柄  
5792,LS SHIRTS BEIGE2779  いろポチ Pickup（STANDARD） ベージュ  
5822,Swing Top BLACK CHECKER RalphLauren 柄  
5900,LS SHIRTS RED2904 Pickup（STANDARD） 赤  
6023,Macau Shirt (Prince De Galles) Linda Mai Phung 柄  
6024,Macau Shirt (Map Print) Linda Mai Phung 柄  
6025,Macau Shirt (Nailhead Check) Linda Mai Phung 柄  
6425,Sweden Military Pullover Shirt  Khaki (Remake) Pickup（STANDARD） カーキ  
6446,LS CHECK SHIRTS REDBLACK3323 RalphLauren 柄  
6448,LS CHECK SHIRTS NAVY3325 RalphLauren 紺  
6492,NEL SHIRTS GREENCHECK3373 PENDLETON 柄  
6633,US Military Shirt GREEN3238 Pickup（STANDARD） 緑  
6723,121202 fur shirts BLACK tiit 黒  
6724,121103 double ribbon shirts BLACK tiit 黒  
6733,1412041 frill blouse BLACK tiit 黒  
6858,R1307 W2190 Moss ROGAN 緑  
6879,131207 ブラウス GREEN tiit 柄  
6880,131207 ブラウス RED tiit 赤  
6886,141203 フラワーシャツ GREEN tiit 柄  
6906,REVERSIBLE LS SHIRT 3 VOO-185 PURPLE VOO 柄  
6929,KNIT POCKET OX SHIRT VOO-403 BEIGE VOO ベージュ  
7017,CHECK SHIRT(長袖) VOO-010A RED VOO 柄  
7029,JQ LS SHIRT VOO-063 PINK VOO ピンク  
7033,CUTTIN&#039; OX SHIRT VOO-160 RED VOO 赤  
7034,CUTTIN&#039; OX SHIRT VOO-160L RED VOO 赤  
7043,CHANGE COLLAR SHIRT 2 VOO-192 RED CHECK VOO 柄  
7046,CHANGE COLLAR&amp;HOODY SHIRT VOO-233 CHECK VOO 柄  
7098,CHECK SHIRT(長袖) VOO-010A SAX VOO 柄  
7102,JQ LS SHIRT VOO-063 LIME VOO 緑  
7103,JQ LS SHIRT VOO-063 YELLOW VOO 黄色  
7104,GRADATION GAUZE SHIRT VOO-130 LIME染め VOO 黄色  
7108,REVERSIBLE SHIRT・改 VOO-266 WHITE VOO 白  
7118,CIRCLE SHIRTS VOO-447 STRIPE VOO 青  
7119,真･GOOD COMBO SHIRTS VOO-453 NAVY VOO 紺  
7127,3111002 LS SHIRTS WHITEBLACK FRICTION 柄  
7131,LS SHIRTS BLUE3364 Pickup（STANDARD） 青  
7156,DDCSH004 RE Dolly &amp; Molly 柄  
7273,R1301 W2167 094 ROGAN 青  
7284,R1307 W3171 Almost Black ROGAN 黒  
7323,7101841008 004 Trovare 白  
733,PKSH-1075 EX CHAMBRAY B.D. 08 WHIT PARKER CLOTHING 白  
734,PKSH-1075 EX CHAMBRAY B.D. 02 BLUE PARKER CLOTHING 青  
735,PKSH-1076 MIXED PULLOVER S 08 WHIT PARKER CLOTHING 白  
736,PKSH-1076 MIXED PULLOVER S 02 BLUE PARKER CLOTHING 青  
7380,PKSH-1066 DOT PRINT LS SH 16 BROWN PARKER CLOTHING 柄  
7381,MDSH-1558 FLANNEL LONG SHIRTS 16 BROWN MACKDADDY 柄  
7387,002014ab10 BLUE RPKO 青  
7489,STRIPE SHIRTS stand-up collar RalphLauren 柄  
7556,CHILI SHIRT PINK  
7566,Pajama Shirts Old BROWN Pickup（STANDARD） ベージュ  
7743,Sweden Grandpa Shirts BROWN  
7745,LS SHIRTS DARK BROWN 
7848,VOO-544 0st B.D SHIRT WHITE VOO 白  
7861,Pajama Shirts Old BUTSU PJ Pickup（STANDARD） 柄  
7862,Pajama Shirts Old Pickup（STANDARD） 柄  
7939,002015ab35  WHITExGY RPKO 白  
802,Vintage Blockcheck franel shirts Pickup（STANDARD） 柄  
8028,プリント ボタンダウン シャツ W11324404  WHITE IKIJI 白  
8029,ベーシック ボタンダウン シャツ W11324406  WHITE IKIJI 白  
809,Ethnic LS shirts  Burgundy Pickup（STANDARD） 柄  
8201,LS SHIRTS PURPLE2783 Pickup（STANDARD） 紫  
8308,Long-Bib shirt  White  101.005 SAWHNEY 白  
8371,VOO-544 0st B.D SHIRT GREEN VOO 緑  
8380,Pajama Shirts Old kikagaku PJ Pickup（STANDARD） 柄  
8429,0st COMBO SHIRTS VOO-551BLUE VOO 青  
8450,15-4001 Bleach Denim Shirt #1 GIOVANNI CAMPANELLA TOKYO 紺  
8451,15-4001 Bleach Denim Shirt #2 GIOVANNI CAMPANELLA TOKYO 紺  
8452,15-4001 Bleach Denim Shirt #3 GIOVANNI CAMPANELLA TOKYO 紺  
8502,SEi&times; 
8555,house of the very island&#039;s  SHCB-7  shirts Pickup（STANDARD） カーキ  
8636,Madara LS Shirts PurpleBrown5428 Pickup（STANDARD） 赤  
8647,LS Knit Shirts Wine Red5442 Pickup（STANDARD） 赤  
8648,Red  Gray Check LS Nel Shirts 5444 Pickup（STANDARD） 赤  
8649,Red  Blue  Check LS Nel Shirts 5445 Pickup（STANDARD） 赤  
8668,LS Thirts Yellow 5465 Pickup（STANDARD） 黄色  
8669,Retro Graphic LS Thirts Brown5467 Pickup（STANDARD） 茶色  
8673,Silk LS Thirts Brown5471 Pickup（STANDARD） 茶色  
8674,LS Blue Shirts5472 Pickup（STANDARD） 青  
8675,LS Thirts Beige 5473 Pickup（STANDARD） ベージュ  
8682,Ibitsu Pattern SHIRTS  Pickup（STANDARD） グレー  
8706,No Color Shirts Blue5505 Pickup（STANDARD） 青  
8710,Corduroy LS Shirts Green5509 Pickup（STANDARD） カーキ  
8720,LS Nel Shirts RedGreen Check5519 Pickup（STANDARD） 赤  
8721,No Color Shirts Mint Green5520 Pickup（STANDARD） 緑  
8724,LS Big Button Shirts Beige 5523 Pickup（STANDARD） ベージュ  
8733,LS Nel Shirts GreenCreme Check5532 Pickup（STANDARD） 緑  
8745,U.K Military shirts  green  6266 Military カーキ  
8773,Little Bleach Denim Shirt  Blue GIOVANNI CAMPANELLA TOKYO 青  
8827,Stand Color Shirts   
914,Green satine shirts Pickup（STANDARD） 緑  
932,LS　SHIRTS COLOR1198 RalphLauren 柄  
933,LS CHECK SHIRTS　BLUEWHITE 1201 CARVEN 青  
9535,TS  shirts  black  D-TK9051 Pickup（STANDARD） 黒  
9586,LS SHIRTS Art  forest Pickup（STANDARD） 緑  
9589,LS SHIRTS REDPOCKET  GREEN TYPE Pickup（STANDARD） 緑  
9591,SHIRTS  BLUE Pickup（STANDARD） 青  
9602,CHECK SHIRTS  RED Pickup（STANDARD） 赤  
9604,LS SHIRTS CHECKERREDBLACK Pickup（STANDARD） 赤  
9623,YELLOW CHECK LS SHIRTS PAZZE Pickup（STANDARD） 黄色  
9625,CHECK SHIRTS  7255   
9629,Lace LS Shirts White Pickup（STANDARD） 白  
9648,scrubs shirts  blue  Pickup（STANDARD） 青  
9861,French Linen Shirt  White LA MOND 白  