id,description
10050,SEi&times;IROZA-RT Re^%military   Camo Be カ┼キ 
10172,conic on stripe  navy caart Correction 
10180,frame-long  white caart White 
10187,DREAM  RED  MK15S-J-12 masterkey Red 
10188,BORDERS  RED  MK15S-C-27 masterkey Handle 
10261,Oxygen dyed Polo collar Short sleeve shirt W11524405  ネイビ┼ Article Correction 
10263,Oxygen dyed Polo collar Short sleeve shirt W11524405  グリ┼ン Article Decision 
10310,Cropped Denim Jacket  Light Blue  103.007 SAWHNEY green 
10421,UNION TEE  WHxNY Full Push White 
10422,GARAGE COAT  BLUE INDUSTRIAL DESIGN green 
10427,LINCOLN MARATHON 20th  anniversary  windbreaker Pickup（STANDARD） Handle 
10472,POCKET  ZIP SWEAT  Color locus LIMITED  Pickup（STANDARD） Red 
10473,POLO RALPH LAUREN ZIP SWEAT  Color locus LIMITED Pickup（STANDARD） Red 
10479,mountain parka  YELLOW  Color locus LIMITED  Iro Pochi Color locus ORIGINALS yellow 
10482,Half and Half-T  PUPLE&times;BLUE  HORN IN THE WEST  Color locus LIMITED  Color locus ORIGINALS Handle 
10489,HANDICRAFTS CUAMATZ! MEXICAN parka  GREEN   Pickup（STANDARD） Handle 
10495,Half and Half check shirts  RED&times;GREEN  RED BUTTON  Color locus LIMITED Color locus ORIGINALS Handle 
10626,IN CARDIGAN  Color locus LIMITED Color locus ORIGINALS Handle 
10708,KISS TEE  BLACK Souvenir \374\\ 
11118,Leaf SS Shirts Pickup（STANDARD） カ┼キ 
11159,Valentino Roma  Flower Jacket Beige Pickup（STANDARD） ベージュ 
11173,UNION TEE  BKxWH Full Push \374\\ 
11177,But  LS TEE PINK Pickup（STANDARD） pink 
11179,AGNONA  Cardigan  Orange Pickup（STANDARD） orange 
11186,ANTONIOFUSCO  Pink Jacket Pickup（STANDARD） pink 
11208,FLEECE Multi Parka  Pickup（STANDARD） Handle 
11232,adidas  Hokey Tee  Red adidas Red 
11238,UA  Blue Black Checker LS Shirts BEAUTY &amp; YOUTH UNITED ARROWS green 
11242,Black Half Pants Pickup\243\250STANDARD\243\251 \374\\ 
11255,511 SKINNY DENIM PANTS  RED LEVIS Red 
11274,NUTMEG MILLS  GUNNINGHAM 12 GAME SHIRT Pickup（STANDARD） Decision 
11320,Tye Dye Tee Psychedelic Pickup（STANDARD） Handle 
11331,Mexican Shirt  BROWN Pickup（STANDARD） Brown 
11335,Rayon Print Shirt  ORANGE Pickup（STANDARD） orange 
11336,Multi Border Shirt  WHITE Pickup（STANDARD） Handle 
11399,\245\325\245\351\245\363\245\271 F2 \ 245 \ 270 \ 245 \ 245 \ 303 \ 245 \ 310  \245\326\245\351\245\303\245\257 Deadstock \374\\ 
11445,Black Pocket SS Tee Pickup\243\250STANDARD\243\251 \374\\ 
11460,HM  AT neck Strype Shirts Pickup（STANDARD） Handle 
11541,TURTLE NECK LS TEE  REDUCE YOURSELF Pickup（STANDARD） Handle 
11574,FLANNEL CHECK SHIRT  RED Pickup（STANDARD） Red 
11575,MILITARY SHIRT  WOODLAND  Pickup（STANDARD） Decision 
11578,BORDER CREW NECK SWEAT SHIRT  PURPLExNAVY Pickup（STANDARD） purple 
11584,RAGLAN SLEEVE CN SWEAT SHIRT   HEATHER RED Pickup（STANDARD） Red 
11587,NIKE LOGO CREW NECK SWEAT SHIRT  NAVY Pickup（STANDARD） Correction 
11593,Hanes FULL ZIP HOODIE  GRAY Pickup（STANDARD） グレ┼ 
11596,CUT&amp;SWEN FULL ZIP HOODIE  BROWN Pickup（STANDARD） Brown 
11603,TIE DYE HOODED PARKA  BLUE Pickup（STANDARD） green 
11636,PICASSO JACKET  PINK Pickup（STANDARD） Handle 
11644,MULTI NECKLACE HOODED JACKET  MULTI  Pickup（STANDARD） Handle 
11646,SAWLL COLLAR CHECK COAT  GREEN Pickup（STANDARD） Decision 
11649,TEXTILE OVER TEE  BLACK Pickup\243\250STANDARD\243\251 \374\\ 
11735,MARX Crew Neck Sweat Shirt  YELLOW Color locus x deadman yellow 
11740,Sex Pistols Crew Neck Sweat Shirt  GREEN Color locus x deadman Decision 
11743,MARX Sweat Hoodie  RED Color locus x deadman Red 
11744,MARX Sweat Hoodie  DARK RED Color locus x deadman Red 
11745,MARX Sweat Hoodie  NAVY Color locus x deadman Correction 
11746,MARX Pocket T-shirt  BLACK Color locus x deadman \374\\ 
11750,MARX T-shirt  BLACK Color locus x deadman \374\\ 
11752,MARX T-shirt  WINE Color locus x deadman Red 
11753,MARX T-shirt  Article view KAHAKI Color locus x deadman Decision 
11754,Sex Pistols T-shirt  BLACK Color locus x deadman \374\\ 
11755,Sex Pistols T-shirt  GRAY Color locus x deadman グレ┼ 
11760,Sex Pistols T-shirt  HEATHER GRAY Color locus x deadman グレ┼ 
11817,LONG LONG HOODYVOO-539  NAVY FLIGHT Correction 
11820,LONG LONG HOODYVOO-539  RED FLIGHT Red 
11832,2TONE KNITVU-521  BLUE FLIGHT green 
11836,TRICKY КНИТВУ-538  GREEN FLIGHT Decision 
11844,2WAY DUFFLE COATVOO-540  バ┼ガンディ FLIGHT Red 
12146,France レインコ┼ト  NAVY Military Correction 
12147,Italy Flannel shirt  L.BROWN Military Brown 
12149,Italy ワ┼クシャツ  NAVY Military Correction 
12205,OUR DAME リバ┼スウィ┼ブ クル┼ neck sweat  NAVY CHAMPION Correction 
12207,\245\354\245\266\251` \245\270\245\343\245\261\245\303\245\310  BLACK Pickup\243\250SPECIAL\243\251 \374\\ 
12222,ファイヤ┼マン Jacket  BLUE Pickup（SPECIAL） green 
12227,Christian Dior ショ┼ルカラ┼ Jacket  NAVY Christian Dior Correction 
12228,TIE DYE クル┼ネック sweat  WHITE Pickup（STANDARD） White 
12241,V-neck knit ワンピース  GRAY Pickup（STANDARD） グレ┼ 
12257,silk Nylon Textiles Zip A blouson  WHITE Pickup（STANDARD） Handle 
12262,Multi knit カ┼ディガン  BLUE L.l.bean green 
12265,Mexican BAJA フ┼ディ┼  GRAYxBLUE Pickup（SPECIAL） グレ┼ 
12267,\245\341\245\255\245\267\245\253\245\363 BAJA \245\270\245\303\245\327 \245\325\251`\245\307\245\243\251`  BLACKxWHTxYEL Pickup\243\250SPECIAL\243\251 \374\\ 
12281,HIKER MOUNTAIN RIVER  GREENxRED Pickup（STANDARD） Handle 
12294,LS Shirts  Red Houndstooth Pickup（STANDARD） Red 
12305,Tye Dye Thermal  Pink Pickup（STANDARD） pink 
12312,560 Denim  Green LEVIS Decision 
12314,V-neck ニットセ┼タ┼  SAX Christian Dior green 
12315,V-neck ニットセ┼タ┼  RED Christian Dior Red 
12316,knit カ┼ディガン  GAME Christian Dior グレ┼ 
12322,rib タ┼トル neck knit  NATURAL Pickup（SPECIAL） White 
12324,\245\242\251`\245\254\245\244\245\353 \245\325\245\352\245\363\245\270 \245\313\245\303\245\310 \245\273\251`\245\277\251`  BLACK Pickup\243\250SPECIAL\243\251 \374\\ 
12341,Zip up ジャージ  RED adidas Red 
12344,ハ┼フジップ Nylon フ┼デット パ┼カ┼  RED NIKE Red 
12345,Nylon V-neck Jacket  RED NIKE Red 
12352,バイカラ┼ クル┼ neck sweat  BRNxYELxPPL Pickup（SPECIAL） Handle 
12450,Gacha Belt Roots  PURPLE Pickup（SPECIAL） purple 
12455,Gacha Belt USA  WHITE Pickup（SPECIAL） Handle 
12463,Gacha Belt TEXTILE  WHITE Pickup（SPECIAL） Handle 
12524,Max-Weight Long Sleeve  BLACK CAMBER \374\\ 
12526,Max-Weight Mock Turtle  BLACK CAMBER \374\\ 
12527,Chill Buster Zipper Hooded  GRAY CAMBER グレ┼ 
12529,MUMMY BASIC LIGHT  BRIC SLOT Red 
12899,1321-01-015  39  Orange DICTYCE orange 
12900,1411-01-004  01  White DICTYCE White 
12915,\245\321\251`\245\253\251`  Black Article \374\\ 
13175,COTTON COTTON AW JACKET  ORANGE Pickup（STANDARD） orange 
13519,POSITIVE GRAFFITI LS TEE  LIGHT GRAY  Souvenir グレ┼ 
13546,NIKE Raglan Sleeve Sweat  Dark Red NIKE Red 
13547,NIKE Hood Sweat   Russet NIKE purple 
13548,NIKE Nylon Jacket  Black NIKE \374\\ 
13549,NIKE Nylon Jacket  Three Multi NIKE Handle 
13552,NIKE ATHLETICS Sweat  Red NIKE Red 
13553,RalphLauren Zip Flannel Shirts  Red Check RalphLauren Red 
13560,IZOD Lacoste Cardigan  Yellow Lacoste yellow 
13571,Rib Stitch Cardigan  Green Pickup（STANDARD） Decision 
13584,IZOD Lacoste Knit Cardigan  Navy Lacoste Correction 
13589,Check Apron skirt  NavyxGreen Pickup（STANDARD） Correction 
13595,Multi Textile Knit Sweater  Multi Pickup（STANDARD） Handle 
13607,TRICKY 45 TEE  NATURAL  VOO-651 FLIGHT White 
13609,D.I.Y SWEAT  OFF WHITE  VOO-654 FLIGHT White 
13612,Mount SWEAT  BLACK  LIF-026 LIF \374\\ 
13845,2Ver. 12 BORDER TEE  REDXWHITE  VOO-650L FLIGHT Red 
13930,AT NECK HALF SLEEVE KNIT  BLACK FOR YOUR FROM ME \374\\ 
13940,check BY  white  141206 tiit Handle 
13948,camel  151405 tiit Brown 
14182,JOYRICH x Keith Haring '13 Andy Mouse Hoodie  GREEN JOYRICH Decision 
14185, SPALDING x Keith Haring Cager BAG  BLACK SPALDING \374\\ 
16651,ANORAK WINDBREAKER  GREEN Woolrich Decision 
16671,ANGELICA MEDICAL COAT  GREEN Pickup（STANDARD） Decision 
16777,VELOUR ONE PIECE  BLACK Pickup\243\250STANDARD\243\251 \374\\ 
16896,BASIC JACKET  GREEN Pickup（STANDARD） Decision 
16905,HIGH NECK RAGLAN SWEAT  BLACK Pickup\243\250STANDARD\243\251 \374\\ 
16942,MOUNTAIN JACKET  ORANGE Pickup（STANDARD） orange 
16988,PALOMA GOWN  GREEN Pickup（STANDARD） Decision 
17080, Ammonite BIG KNIT  RED Pickup（STANDARD） Red 
17095,EMERICA SHORT SLEEVE TEE  GRAY Pickup（STANDARD） グレ┼ 
17102,JORDAN CARDIGAN  PURPLE NIKE purple 
18427,NIKE SWOOSH 1POINT CREW  RED NIKE Red 
19268,セ┼ラ┼パ┼カ┼  MUSTARD  RBT16SA-20 Link yellow 
19297,シフォンスト┼ル YURI柄DAY  ORANGE  A00314 Quantize orange 
19298,シフォンスト┼ル YURI柄NIGHT  BLUE  A00314 Quantize green 
19390,VELVA SHEEN NYLON JK  RED Pickup（STANDARD） Red 
19508,COTTON MELANGE TOP  RED Pickup（STANDARD） Red 
19543,PALOMA life GOWN  GREEN Pickup（STANDARD） Decision 
19591,CHAMPION ECO AUTHENTIC SWEAT  NAVY CHAMPION Correction 
19595,CHAMPION SIMPLE SWEAT  GREEN Pickup（STANDARD） Decision 
19598,ADIDAS PARKA  PINK adidas pink 
19599,ADIDAS SWEAT  RED adidas Red 
20353,K 16  BLUE  BS-16931 BODYSONG. Handle 
20355,DHM65  BLACK  BS-16940 BODYSONG. \374\\ 
2092,T Shirt ORANGE854  HOUSE OF THE VERY island's house of the very island's orange 
22151,ネンドロイドコ┼ト  BEIGE  14ACA04 hypochlorous ベージュ 
22153,ネンドロイドコ┼ト  NAVY  14ACA04 hypochlorous Correction 
22155,ネンドロイドジャージ  BEIGE  14ACA03 hypochlorous ベージュ 
22156,ネンドロイドジャージ  NAVY  14ACA03 hypochlorous Correction 
22158,コ┼ルド スリ┼プ コ┼ト long  BLUE  15ACA01 hypochlorous green 
22159,コ┼ルド スリ┼プ コ┼ト ショ┼ト  BLUE  15ACA02 hypochlorous green 
248,fb Carpenter Vest Nasngwam green 
3050,CARDIGAN　BLUE1323 Christian Dior green 
44,DKNY Giometric JKT Pickup（STANDARD） Handle 
4533,90&rsquo;S GASHA # 2% JACKET NIKE \374\\ 
4713,TRENCH COAT BEIGE1521 RalphLauren ベージュ 
4786,Vintage Dior  Yellow Christian Dior yellow 
487,Silk No-Collar Shirt Pickup（STANDARD） カ┼キ 
5061,DCCJP003 PINKBLACK Dolly &amp; Molly \374\\ 
508,DCCJP003 Dolly &amp; Molly Handle 
5168,LS Knit Yellow1970 RalphLauren yellow 
518,PKJK-1057 COTTON BASEBALL 09 NAVY PARKER CLOTHING Correction 
5222,DDAOP003 YELLOW Dolly &amp; Molly yellow 
5477,fb カ┼ペンタ┼ JACKET BEIGE Nasngwam ベージュ 
5682,LAMB LEATHER JACKET BROWN Find Brown 
5683,LAMB LEATHER JACKET BLACK Find \374\\ 
571,fb Dead Is it Shirts 2(Army.Green) Nasngwam カ┼キ 
5751,KNIT Cardigan  BEIGE2733 RalphLauren ベージュ 
5772,AT NECK KNIT Reply Reply Dior Red 
5775,LS SHIRTS BEIGE2760 Dior ベージュ 
5778,LS SHIRTS NAVY2763 Dior Handle 
5790,Mirita RY PARKA Military Handle 
5800,KNIT CARDIGAN NAVY2788 DKNY Correction 
5807,KNIT CARDIGAN BEIGE2795 Pickup（STANDARD） ベージュ 
5861,LS Knit CARDIGAN BEIGE2854 Lacoste ベージュ 
5899,United Kingdom DPM ゴアテックスパ┼カ┼ Military Handle 
6420,チェコワ┼クコ┼トブラウン JC039NN Deadstock Brown 
6461,VEST Ba'al Pickup（STANDARD） Handle 
6480,TRENCH COAT In particular Pickup（STANDARD） green 
6498,SHAWL CARDIGAN Greenhouse Pickup（STANDARD） Decision 
6506,M65 CAMO JACKET3388 Pickup（STANDARD） Handle 
6520,CARDIGAN BROWN3403 Pickup（STANDARD） Brown 
6521,M65 JACKET Military カ┼キ 
6627,Zero Sweat 15-2005NVB GIOVANNI CAMPANELLA TOKYO \374\\ 
6726,141603 lace cardigan BLACKXWINE tiit \374\\ 
682,ONE POINT CARDIGAN Christian Dior ベージュ 
6920,CRAZY COMBO TROUSER VOO-329 NAVY FLIGHT Handle 
6925,CHANGE HIM 2WAY COAT 2 (Nylon) VOO-339 PURPLE FLIGHT purple 
7058,Three CARDIGAN VOO-335 GRAY FLIGHT グレ┼ 
7113,LONG LONG AT VOO-347 OLIVE FLIGHT カ┼キ 
7116,LONG LONG DENIM HOODY VOO-439 BLUE Department A- up and down color FLIGHT green 
7117,LONG LONG DENIM HOODY VOO-439 BLUE system C - whole FLIGHT green 
7428,Jewels JAW150037 Sweatshirt RUBEN GALARRETA Handle 
7432,Lights on LAW150048 Sweatshirt RUBEN GALARRETA Handle 
7433,Lights on LAW150049 Bomber jacket RUBEN GALARRETA Handle 
7499,YELLOW HIGHNECK KNIT Pickup（STANDARD） yellow 
7573,ZD Knit GAGA Pickup（STANDARD） Brown 
7574,Turtle Neck Knit Pickup（STANDARD） Brown 
766,VERSE T SAPPY Red 
7934,Jimmy Jumper J2 5443 Pickup（STANDARD） Handle 
815,Vintage SS Tee  Adidas adidas Red 
8382,ZD Knit black Pickup\243\250STANDARD\243\251 \374\\ 
8461,PINK MONSTER SS T-Shirt  pink the Guzzler pink 
855,MDJK 1333 NYLON VARSITY AND 04 RED MACKDADDY Red 
866,MDTS-1606 TEE  LADY-2 04 RED MACKDADDY Red 
867,MDSW-1251 PULLOVER SWEAT H 04 RED MACKDADDY Red 
868,RED DENIM　SHIRTS Laver Laver Red 
8735,Army Jacket Green5534 Military カ┼キ 
8750,SWEARTER  brown  OLPL046 Pickup（STANDARD） Brown 
8751,SWEARTER  brown  RANK 17730 Pickup（STANDARD） Brown 
8757,Nylon Jacket  Purple Pickup（STANDARD） purple 
9543,TS  coat  red  Pickup（STANDARD） Red 
9589,LS SHIRTS REDPOSKET  GREEN TYPE Pickup（STANDARD） Decision 
9609,McNEESE STATE PARKA NAVY   Color locus LIMITED CHAMPION Correction 
9696,COTTON KNIT RED Pickup（STANDARD） Red 
